[
  {"model": "core.hospital", "pk": 1, "fields": {"name": "Hospital1"}},
  {"model": "core.hospital", "pk": 2, "fields": {"name": "Hospital2"}},
  {"model": "prescriptions.prescription", "pk": 1, "fields": {"patient": 1, "doctor": 1, "date_prescribed": "2017-04-10T00:02:54.063Z", "drug": "Acetaminophen", "dosage": "160.000", "Dose_units": "mg", "rate": 1, "Time_units": "/D"}},
  {"model": "transfer.transfer", "pk": 1, "fields": {"New_Hospital": 2, "patient": 1}},
  {"model": "transfer.transfer", "pk": 2, "fields": {"New_Hospital": 1, "patient": 1}},
  {"model": "calendarium.eventcategory", "pk": 3, "fields": {"name": "Doctor Doctor", "slug": "", "color": "94e6e5", "parent": null}},
  {"model": "contenttypes.contenttype", "pk": 1, "fields": {"app_label": "core", "model": "Hospital"}},
  {"model": "contenttypes.contenttype", "pk": 2, "fields": {"app_label": "core", "model": "Nurse"}},
  {"model": "contenttypes.contenttype", "pk": 3, "fields": {"app_label": "core", "model": "Doctor"}},
  {"model": "contenttypes.contenttype", "pk": 4, "fields": {"app_label": "core", "model": "Admin"}},
  {"model": "contenttypes.contenttype", "pk": 5, "fields": {"app_label": "core", "model": "Patient"}},
  {"model": "contenttypes.contenttype", "pk": 6, "fields": {"app_label": "core", "model": "Log"}},
  {"model": "contenttypes.contenttype", "pk": 7, "fields": {"app_label": "appointments", "model": "Appointment"}},
  {"model": "contenttypes.contenttype", "pk": 8, "fields": {"app_label": "messaging", "model": "Message"}},
  {"model": "contenttypes.contenttype", "pk": 9, "fields": {"app_label": "testResults", "model": "Results"}},
  {"model": "contenttypes.contenttype", "pk": 10, "fields": {"app_label": "transfer", "model": "Transfer"}},
  {"model": "contenttypes.contenttype", "pk": 11, "fields": {"app_label": "prescriptions", "model": "Prescription"}},
  {"model": "contenttypes.contenttype", "pk": 12, "fields": {"app_label": "admin", "model": "Log"}},
  {"model": "contenttypes.contenttype", "pk": 13, "fields": {"app_label": "calendarium", "model": "EventModelMixin"}},
  {"model": "contenttypes.contenttype", "pk": 14, "fields": {"app_label": "calendarium", "model": "Event"}},
  {"model": "contenttypes.contenttype", "pk": 15, "fields": {"app_label": "calendarium", "model": "EventCategory"}},
  {"model": "contenttypes.contenttype", "pk": 16, "fields": {"app_label": "calendarium", "model": "EventRelation"}},
  {"model": "contenttypes.contenttype", "pk": 17, "fields": {"app_label": "calendarium", "model": "Occurrence"}},
  {"model": "contenttypes.contenttype", "pk": 18, "fields": {"app_label": "calendarium", "model": "Rule"}},
  {"model": "contenttypes.contenttype", "pk": 19, "fields": {"app_label": "filer", "model": "Clipboard"}},
  {"model": "contenttypes.contenttype", "pk": 20, "fields": {"app_label": "filer", "model": "ClipboardItem"}},
  {"model": "contenttypes.contenttype", "pk": 21, "fields": {"app_label": "filer", "model": "Folder"}},
  {"model": "contenttypes.contenttype", "pk": 22, "fields": {"app_label": "filer", "model": "FolderPermission"}},
  {"model": "contenttypes.contenttype", "pk": 23, "fields": {"app_label": "filer", "model": "ThumbnailOption"}},
  {"model": "contenttypes.contenttype", "pk": 24, "fields": {"app_label": "easy_thumbnails", "model": "File"}},
  {"model": "contenttypes.contenttype", "pk": 25, "fields": {"app_label": "easy_thumbnails", "model": "Source"}},
  {"model": "contenttypes.contenttype", "pk": 26, "fields": {"app_label": "easy_thumbnails", "model": "Thumbnail"}},
  {"model": "contenttypes.contenttype", "pk": 27, "fields": {"app_label": "admin", "model": "logentry"}},
  {"model": "contenttypes.contenttype", "pk": 28, "fields": {"app_label": "easy_thumbnails", "model": "ThumbnailDimensions"}},
  {"model": "contenttypes.contenttype", "pk": 29, "fields": {"app_label": "auth", "model": "permission"}},
  {"model": "contenttypes.contenttype", "pk": 30, "fields": {"app_label": "auth", "model": "group"}},
  {"model": "contenttypes.contenttype", "pk": 31, "fields": {"app_label": "auth", "model": "user"}},
  {"model": "contenttypes.contenttype", "pk": 32, "fields": {"app_label": "contenttypes", "model": "contenttype"}},
  {"model": "contenttypes.contenttype", "pk": 33, "fields": {"app_label": "sessions", "model": "session"}},
  {"model": "auth.permission", "pk": 1, "fields": {"name": "Can add hospital", "content_type": 1, "codename": "add_hospital"}},
  {"model": "auth.permission", "pk": 2, "fields": {"name": "Can change hospital", "content_type": 1, "codename": "change_hospital"}},
  {"model": "auth.permission", "pk": 3, "fields": {"name": "Can delete hospital", "content_type": 1, "codename": "delete_hospital"}},
  {"model": "auth.permission", "pk": 4, "fields": {"name": "Can add nurse", "content_type": 2, "codename": "add_nurse"}},
  {"model": "auth.permission", "pk": 5, "fields": {"name": "Can change nurse", "content_type": 2, "codename": "change_nurse"}},
  {"model": "auth.permission", "pk": 6, "fields": {"name": "Can delete nurse", "content_type": 2, "codename": "delete_nurse"}},
  {"model": "auth.permission", "pk": 7, "fields": {"name": "Can add doctor", "content_type": 3, "codename": "add_doctor"}},
  {"model": "auth.permission", "pk": 8, "fields": {"name": "Can change doctor", "content_type": 3, "codename": "change_doctor"}},
  {"model": "auth.permission", "pk": 9, "fields": {"name": "Can delete doctor", "content_type": 3, "codename": "delete_doctor"}},
  {"model": "auth.permission", "pk": 10, "fields": {"name": "Can add admin", "content_type": 4, "codename": "add_admin"}},
  {"model": "auth.permission", "pk": 11, "fields": {"name": "Can change admin", "content_type": 4, "codename": "change_admin"}},
  {"model": "auth.permission", "pk": 12, "fields": {"name": "Can delete admin", "content_type": 4, "codename": "delete_admin"}},
  {"model": "auth.permission", "pk": 13, "fields": {"name": "Can add patient", "content_type": 5, "codename": "add_patient"}},
  {"model": "auth.permission", "pk": 14, "fields": {"name": "Can change patient", "content_type": 5, "codename": "change_patient"}},
  {"model": "auth.permission", "pk": 15, "fields": {"name": "Can delete patient", "content_type": 5, "codename": "delete_patient"}},
  {"model": "auth.permission", "pk": 16, "fields": {"name": "Can add log", "content_type": 6, "codename": "add_log"}},
  {"model": "auth.permission", "pk": 17, "fields": {"name": "Can change log", "content_type": 6, "codename": "change_log"}},
  {"model": "auth.permission", "pk": 18, "fields": {"name": "Can delete log", "content_type": 6, "codename": "delete_log"}},
  {"model": "auth.permission", "pk": 19, "fields": {"name": "Can add appointment", "content_type": 7, "codename": "add_appointment"}},
  {"model": "auth.permission", "pk": 20, "fields": {"name": "Can change appointment", "content_type": 7, "codename": "change_appointment"}},
  {"model": "auth.permission", "pk": 21, "fields": {"name": "Can delete appointment", "content_type": 7, "codename": "delete_appointment"}},
  {"model": "auth.permission", "pk": 22, "fields": {"name": "Can add message", "content_type": 8, "codename": "add_message"}},
  {"model": "auth.permission", "pk": 23, "fields": {"name": "Can change message", "content_type": 8, "codename": "change_message"}},
  {"model": "auth.permission", "pk": 24, "fields": {"name": "Can delete message", "content_type": 8, "codename": "delete_message"}},
  {"model": "auth.permission", "pk": 25, "fields": {"name": "Can add log entry", "content_type": 9, "codename": "add_logentry"}},
  {"model": "auth.permission", "pk": 26, "fields": {"name": "Can change log entry", "content_type": 9, "codename": "change_logentry"}},
  {"model": "auth.permission", "pk": 27, "fields": {"name": "Can delete log entry", "content_type": 9, "codename": "delete_logentry"}},
  {"model": "auth.permission", "pk": 28, "fields": {"name": "Can add permission", "content_type": 10, "codename": "add_permission"}},
  {"model": "auth.permission", "pk": 29, "fields": {"name": "Can change permission", "content_type": 10, "codename": "change_permission"}},
  {"model": "auth.permission", "pk": 30, "fields": {"name": "Can delete permission", "content_type": 10, "codename": "delete_permission"}},
  {"model": "auth.permission", "pk": 31, "fields": {"name": "Can add group", "content_type": 11, "codename": "add_group"}},
  {"model": "auth.permission", "pk": 32, "fields": {"name": "Can change group", "content_type": 11, "codename": "change_group"}},
  {"model": "auth.permission", "pk": 33, "fields": {"name": "Can delete group", "content_type": 11, "codename": "delete_group"}},
  {"model": "auth.permission", "pk": 34, "fields": {"name": "Can add user", "content_type": 12, "codename": "add_user"}},
  {"model": "auth.permission", "pk": 35, "fields": {"name": "Can change user", "content_type": 12, "codename": "change_user"}},
  {"model": "auth.permission", "pk": 36, "fields": {"name": "Can delete user", "content_type": 12, "codename": "delete_user"}},
  {"model": "auth.permission", "pk": 37, "fields": {"name": "Can add content type", "content_type": 13, "codename": "add_contenttype"}},
  {"model": "auth.permission", "pk": 38, "fields": {"name": "Can change content type", "content_type": 13, "codename": "change_contenttype"}},
  {"model": "auth.permission", "pk": 39, "fields": {"name": "Can delete content type", "content_type": 13, "codename": "delete_contenttype"}},
  {"model": "auth.permission", "pk": 40, "fields": {"name": "Can add session", "content_type": 14, "codename": "add_session"}},
  {"model": "auth.permission", "pk": 41, "fields": {"name": "Can change session", "content_type": 14, "codename": "change_session"}},
  {"model": "auth.permission", "pk": 42, "fields": {"name": "Can delete session", "content_type": 14, "codename": "delete_session"}},
  {"model": "auth.permission", "pk": 43, "fields": {"name": "Can add session", "content_type": 15, "codename": "add_session"}},
  {"model": "auth.permission", "pk": 44, "fields": {"name": "Can change session", "content_type": 15, "codename": "change_session"}},
  {"model": "auth.permission", "pk": 45, "fields": {"name": "Can delete session", "content_type": 15, "codename": "delete_session"}},
  {"model": "auth.permission", "pk": 46, "fields": {"name": "Can add content type", "content_type": 16, "codename": "add_contenttype"}},
  {"model": "auth.permission", "pk": 47, "fields": {"name": "Can change content type", "content_type": 16, "codename": "change_contenttype"}},
  {"model": "auth.permission", "pk": 48, "fields": {"name": "Can delete content type", "content_type": 16, "codename": "delete_contenttype"}},
  {"model": "auth.permission", "pk": 49, "fields": {"name": "Can add session", "content_type": 17, "codename": "add_session"}},
  {"model": "auth.permission", "pk": 50, "fields": {"name": "Can change session", "content_type": 17, "codename": "change_session"}},
  {"model": "auth.permission", "pk": 51, "fields": {"name": "Can delete session", "content_type": 17, "codename": "delete_session"}},
  {"model": "auth.permission", "pk": 52, "fields": {"name": "Can delete image", "content_type": 17, "codename": "delete_image"}},
  {"model": "auth.permission", "pk": 53, "fields": {"name": "Can add thumbnail option", "content_type": 18, "codename": "add_thumbnailoption"}},
  {"model": "auth.permission", "pk": 54, "fields": {"name": "Can change thumbnail option", "content_type": 18, "codename": "change_thumbnailoption"}},
  {"model": "auth.permission", "pk": 55, "fields": {"name": "Can delete thumbnail option", "content_type": 18, "codename": "delete_thumbnailoption"}},
  {"model": "auth.permission", "pk": 56, "fields": {"name": "Can add source", "content_type": 19, "codename": "add_source"}},
  {"model": "auth.permission", "pk": 57, "fields": {"name": "Can change source", "content_type": 19, "codename": "change_source"}},
  {"model": "auth.permission", "pk": 58, "fields": {"name": "Can delete source", "content_type": 19, "codename": "delete_source"}},
  {"model": "auth.permission", "pk": 59, "fields": {"name": "Can add thumbnail", "content_type": 20, "codename": "add_thumbnail"}},
  {"model": "auth.permission", "pk": 60, "fields": {"name": "Can change thumbnail", "content_type": 20, "codename": "change_thumbnail"}},
  {"model": "auth.permission", "pk": 61, "fields": {"name": "Can delete thumbnail", "content_type": 20, "codename": "delete_thumbnail"}},
  {"model": "auth.permission", "pk": 62, "fields": {"name": "Can add thumbnail dimensions", "content_type": 21, "codename": "add_thumbnaildimensions"}},
  {"model": "auth.permission", "pk": 63, "fields": {"name": "Can change thumbnail dimensions", "content_type": 21, "codename": "change_thumbnaildimensions"}},
  {"model": "auth.permission", "pk": 64, "fields": {"name": "Can delete thumbnail dimensions", "content_type": 21, "codename": "delete_thumbnaildimensions"}},
  {"model": "auth.permission", "pk": 65, "fields": {"name": "Can add event", "content_type": 22, "codename": "add_event"}},
  {"model": "auth.permission", "pk": 66, "fields": {"name": "Can change event", "content_type": 22, "codename": "change_event"}},
  {"model": "auth.permission", "pk": 67, "fields": {"name": "Can delete event", "content_type": 22, "codename": "delete_event"}},
  {"model": "auth.permission", "pk": 68, "fields": {"name": "Can add event category", "content_type": 23, "codename": "add_eventcategory"}},
  {"model": "auth.permission", "pk": 69, "fields": {"name": "Can change event category", "content_type": 23, "codename": "change_eventcategory"}},
  {"model": "auth.permission", "pk": 70, "fields": {"name": "Can delete event category", "content_type": 23, "codename": "delete_eventcategory"}},
  {"model": "auth.permission", "pk": 71, "fields": {"name": "Can add event relation", "content_type": 24, "codename": "add_eventrelation"}},
  {"model": "auth.permission", "pk": 72, "fields": {"name": "Can change event relation", "content_type": 24, "codename": "change_eventrelation"}},
  {"model": "auth.permission", "pk": 73, "fields": {"name": "Can delete event relation", "content_type": 24, "codename": "delete_eventrelation"}},
  {"model": "auth.permission", "pk": 74, "fields": {"name": "Can add occurrence", "content_type": 25, "codename": "add_occurrence"}},
  {"model": "auth.permission", "pk": 75, "fields": {"name": "Can change occurrence", "content_type": 25, "codename": "change_occurrence"}},
  {"model": "auth.permission", "pk": 76, "fields": {"name": "Can delete occurrence", "content_type": 25, "codename": "delete_occurrence"}},
  {"model": "auth.permission", "pk": 77, "fields": {"name": "Can add rule", "content_type": 26, "codename": "add_rule"}},
  {"model": "auth.permission", "pk": 78, "fields": {"name": "Can change rule", "content_type": 26, "codename": "change_rule"}},
  {"model": "auth.permission", "pk": 79, "fields": {"name": "Can delete rule", "content_type": 26, "codename": "delete_rule"}},
  {"model": "auth.permission", "pk": 80, "fields": {"name": "Can add log entry", "content_type": 27, "codename": "add_logentry"}},
  {"model": "auth.permission", "pk": 81, "fields": {"name": "Can change log entry", "content_type": 27, "codename": "change_logentry"}},
  {"model": "auth.permission", "pk": 82, "fields": {"name": "Can delete log entry", "content_type": 27, "codename": "delete_logentry"}},
  {"model": "auth.permission", "pk": 83, "fields": {"name": "Can add permission", "content_type": 28, "codename": "add_permission"}},
  {"model": "auth.permission", "pk": 84, "fields": {"name": "Can change permission", "content_type": 28, "codename": "change_permission"}},
  {"model": "auth.permission", "pk": 85, "fields": {"name": "Can delete permission", "content_type": 28, "codename": "delete_permission"}},
  {"model": "auth.permission", "pk": 86, "fields": {"name": "Can add group", "content_type": 29, "codename": "add_group"}},
  {"model": "auth.permission", "pk": 87, "fields": {"name": "Can change group", "content_type": 29, "codename": "change_group"}},
  {"model": "auth.permission", "pk": 88, "fields": {"name": "Can delete group", "content_type": 29, "codename": "delete_group"}},
  {"model": "auth.permission", "pk": 89, "fields": {"name": "Can add user", "content_type": 30, "codename": "add_user"}},
  {"model": "auth.permission", "pk": 90, "fields": {"name": "Can change user", "content_type": 30, "codename": "change_user"}},
  {"model": "auth.permission", "pk": 91, "fields": {"name": "Can delete user", "content_type": 30, "codename": "delete_user"}},
  {"model": "auth.permission", "pk": 92, "fields": {"name": "Can add content type", "content_type": 31, "codename": "add_contenttype"}},
  {"model": "auth.permission", "pk": 93, "fields": {"name": "Can change content type", "content_type": 31, "codename": "change_contenttype"}},
  {"model": "auth.permission", "pk": 94, "fields": {"name": "Can delete content type", "content_type": 31, "codename": "delete_contenttype"}},
  {"model": "auth.permission", "pk": 95, "fields": {"name": "Can add session", "content_type": 32, "codename": "add_session"}},
  {"model": "auth.permission", "pk": 96, "fields": {"name": "Can change session", "content_type": 32, "codename": "change_session"}},
  {"model": "auth.permission", "pk": 97, "fields": {"name": "Can delete session", "content_type": 32, "codename": "delete_session"}},
  {"model": "auth.group", "pk": 1, "fields": {"name": "Patient", "permissions": []}},
  {"model": "auth.group", "pk": 2, "fields": {"name": "Nurse", "permissions": []}},
  {"model": "auth.group", "pk": 3, "fields": {"name": "Admin", "permissions": []}},
  {"model": "auth.group", "pk": 4, "fields": {"name": "Doctor", "permissions": []}},
  {"model": "auth.user", "pk": 1, "fields": {"password": "pbkdf2_sha256$24000$7hCFBEuvZp2z$v1Ry8fBs7EuwN86hNxGUlHT+fw2ZIKNOisJJN3LLvng=", "last_login": "2017-05-08T15:22:41.598Z", "is_superuser": true, "username": "admin", "first_name": "SuperAdmin", "last_name": "SuperAdmin", "email": "sadmin@admin.com", "is_staff": true, "is_active": true, "date_joined": "2017-04-02T21:48:05.866Z", "groups": [3], "user_permissions": []}},
  {"model": "auth.user", "pk": 2, "fields": {"password": "pbkdf2_sha256$24000$eoOu7NJq8mGM$rb/7K6treOv/UWtObz6wwpDj5OjN60V0PjrOP2PXt8I=", "last_login": "2017-04-10T00:00:21.813Z", "is_superuser": false, "username": "patient1", "first_name": "Patient", "last_name": "Patient", "email": "Patient@patient.com", "is_staff": false, "is_active": true, "date_joined": "2017-04-02T21:50:43Z", "groups": [1], "user_permissions": []}},
  {"model": "auth.user", "pk": 3, "fields": {"password": "pbkdf2_sha256$24000$YPC9DNazfcPw$roRj9BUcOT4Ymi1CK9ebZkZqrFfBL8VSZ8+xFV03+NU=", "last_login": "2017-04-15T21:26:24.425Z", "is_superuser": false, "username": "doctor1", "first_name": "Doctor", "last_name": "Doctor", "email": "doctor@doctor.com", "is_staff": false, "is_active": true, "date_joined": "2017-04-02T21:51:47Z", "groups": [4], "user_permissions": []}},
  {"model": "auth.user", "pk": 5, "fields": {"password": "pbkdf2_sha256$24000$rLi5NmQH5qJy$ZLdT7he3y5j1Np4XT41KARBxjL1mq3ZQmkVW/Pr3dFI=", "last_login": null, "is_superuser": false, "username": "nurse1", "first_name": "Nurse", "last_name": "Nurse", "email": "nurse@nurse.com", "is_staff": false, "is_active": true, "date_joined": "2017-04-02T21:57:39Z", "groups": [2], "user_permissions": []}},
  {"model": "auth.user", "pk": 6, "fields": {"password": "pbkdf2_sha256$24000$satWHTYozd9e$sE+3XaJvvcm6xk8ho4XP659UuuKOuxRGqLcBNmoFKks=", "last_login": "2017-04-15T21:20:30.017Z", "is_superuser": false, "username": "admin1", "first_name": "Admin", "last_name": "Admin", "email": "admin@admin.com", "is_staff": false, "is_active": true, "date_joined": "2017-04-02T21:58:41Z", "groups": [3], "user_permissions": []}},
  {"model": "auth.user", "pk": 7, "fields": {"password": "pbkdf2_sha256$24000$aS1RD9VqeBmI$F7HNyaUMhZ6RWGZe3OqqU4KPj7m70OGkIhG6nXNlMPA=", "last_login": "2017-05-08T15:23:27.912Z", "is_superuser": false, "username": "doctor2", "first_name": "Dr.", "last_name": "PhD", "email": "doctor2@doctor.com", "is_staff": false, "is_active": true, "date_joined": "2017-05-08T15:22:19.416Z", "groups": [4], "user_permissions": []}},
  {"model": "auth.user", "pk": 8, "fields": {"password": "pbkdf2_sha256$24000$omxSyJ1IuVKr$VvFCnwYErzR3iyvM7Zf/d6bw0vMWY8HEmtgHSDAc8i0=", "last_login": "2017-05-08T15:23:19.938Z", "is_superuser": false, "username": "nurse2", "first_name": "Nurse", "last_name": "Joy", "email": "nur2se@nurse.com", "is_staff": false, "is_active": true, "date_joined": "2017-05-08T15:23:13.678Z", "groups": [2], "user_permissions": []}},
  {"model": "admin.logentry", "pk": 1, "fields": {"action_time": "2017-04-02T21:49:44.990Z", "user": 1, "content_type": 11, "object_id": "1", "object_repr": "Patient", "action_flag": 1, "change_message": "Added."}},
  {"model": "admin.logentry", "pk": 2, "fields": {"action_time": "2017-04-02T21:49:56.345Z", "user": 1, "content_type": 11, "object_id": "2", "object_repr": "Nurse", "action_flag": 1, "change_message": "Added."}},
  {"model": "admin.logentry", "pk": 3, "fields": {"action_time": "2017-04-02T21:50:07.044Z", "user": 1, "content_type": 11, "object_id": "3", "object_repr": "Admin", "action_flag": 1, "change_message": "Added."}},
  {"model": "admin.logentry", "pk": 4, "fields": {"action_time": "2017-04-02T21:50:14.069Z", "user": 1, "content_type": 11, "object_id": "4", "object_repr": "Doctor", "action_flag": 1, "change_message": "Added."}},
  {"model": "admin.logentry", "pk": 5, "fields": {"action_time": "2017-04-02T21:50:43.707Z", "user": 1, "content_type": 12, "object_id": "2", "object_repr": "patient1", "action_flag": 1, "change_message": "Added."}},
  {"model": "admin.logentry", "pk": 6, "fields": {"action_time": "2017-04-02T21:51:26.862Z", "user": 1, "content_type": 12, "object_id": "2", "object_repr": "patient1", "action_flag": 2, "change_message": "Changed first_name, last_name, email and groups."}},
  {"model": "admin.logentry", "pk": 7, "fields": {"action_time": "2017-04-02T21:51:47.226Z", "user": 1, "content_type": 12, "object_id": "3", "object_repr": "doctor1", "action_flag": 1, "change_message": "Added."}},
  {"model": "admin.logentry", "pk": 8, "fields": {"action_time": "2017-04-02T21:52:17.263Z", "user": 1, "content_type": 12, "object_id": "3", "object_repr": "doctor1", "action_flag": 2, "change_message": "Changed first_name, last_name, email and groups."}},
  {"model": "admin.logentry", "pk": 9, "fields": {"action_time": "2017-04-02T21:52:37.474Z", "user": 1, "content_type": 1, "object_id": "1", "object_repr": "Hospital1", "action_flag": 1, "change_message": "Added."}},
  {"model": "admin.logentry", "pk": 10, "fields": {"action_time": "2017-04-02T21:53:24.310Z", "user": 1, "content_type": 5, "object_id": "1", "object_repr": "Patient Patient", "action_flag": 1, "change_message": "Added."}},
  {"model": "admin.logentry", "pk": 11, "fields": {"action_time": "2017-04-02T21:55:52.112Z", "user": 1, "content_type": 3, "object_id": "1", "object_repr": "Doctor Doctor", "action_flag": 1, "change_message": "Added."}},
  {"model": "admin.logentry", "pk": 12, "fields": {"action_time": "2017-04-02T21:57:39.088Z", "user": 1, "content_type": 12, "object_id": "5", "object_repr": "nurse1", "action_flag": 1, "change_message": "Added."}},
  {"model": "admin.logentry", "pk": 13, "fields": {"action_time": "2017-04-02T21:58:04.478Z", "user": 1, "content_type": 12, "object_id": "5", "object_repr": "nurse1", "action_flag": 2, "change_message": "Changed first_name, last_name, email and groups."}},
  {"model": "admin.logentry", "pk": 14, "fields": {"action_time": "2017-04-02T21:58:21.680Z", "user": 1, "content_type": 12, "object_id": "4", "object_repr": "Test", "action_flag": 3, "change_message": ""}},
  {"model": "admin.logentry", "pk": 15, "fields": {"action_time": "2017-04-02T21:58:41.681Z", "user": 1, "content_type": 12, "object_id": "6", "object_repr": "admin1", "action_flag": 1, "change_message": "Added."}},
  {"model": "admin.logentry", "pk": 16, "fields": {"action_time": "2017-04-02T21:59:00.780Z", "user": 1, "content_type": 12, "object_id": "6", "object_repr": "admin1", "action_flag": 2, "change_message": "Changed first_name, last_name, email and groups."}},
  {"model": "admin.logentry", "pk": 17, "fields": {"action_time": "2017-04-02T21:59:21.963Z", "user": 1, "content_type": 2, "object_id": "1", "object_repr": "Nurse Nurse", "action_flag": 1, "change_message": "Added."}},
  {"model": "admin.logentry", "pk": 18, "fields": {"action_time": "2017-04-02T21:59:42.035Z", "user": 1, "content_type": 4, "object_id": "1", "object_repr": "Admin Admin", "action_flag": 1, "change_message": "Added."}},
  {"model": "testResults.results", "pk": 2, "fields": {"name": "Name of test", "notes": "Broken Bone", "patient": 1, "files": "testResults/results_0qZbECf.png", "doctor": 3, "date": "2017-04-15", "released": false}},
  {"model": "testResults.results", "pk": 3, "fields": {"name": "#teamsleek", "notes": "Everyone come to Chill Beats 2017!", "patient": 1, "files": "testResults/Sleek_Poster.jpg", "doctor": 3, "date": "2017-04-28", "released": true}},
  {"model": "messaging.message", "pk": 1, "fields": {"sender": 2, "recipient": 1, "text": "Hi there!", "subject": "test subject", "date": "2017-04-10T00:00:41.846Z", "viewed": false}},
  {"model": "core.log", "pk": 1, "fields": {"user": 1, "username": "admin", "time": "2017-04-02T21:53:42.234Z", "type": "admin logged out"}},
  {"model": "core.log", "pk": 4, "fields": {"user": 1, "username": "admin", "time": "2017-04-02T21:56:05.361Z", "type": "Appointment Created by admin"}},
  {"model": "core.log", "pk": 5, "fields": {"user": 1, "username": "admin", "time": "2017-04-02T21:56:11.950Z", "type": "admin logged out"}},
  {"model": "core.log", "pk": 6, "fields": {"user": 1, "username": "admin", "time": "2017-04-09T23:59:53.434Z", "type": "admin logged in"}},
  {"model": "core.log", "pk": 7, "fields": {"user": 1, "username": "admin", "time": "2017-04-10T00:00:15.847Z", "type": "admin logged out"}},
  {"model": "core.log", "pk": 8, "fields": {"user": 2, "username": "patient1", "time": "2017-04-10T00:00:21.815Z", "type": "patient1 logged in"}},
  {"model": "core.log", "pk": 9, "fields": {"user": 2, "username": "patient1", "time": "2017-04-10T00:00:44.094Z", "type": "patient1 logged out"}},
  {"model": "core.log", "pk": 10, "fields": {"user": 1, "username": "admin", "time": "2017-04-10T00:00:50.763Z", "type": "admin logged in"}},
  {"model": "core.log", "pk": 11, "fields": {"user": 1, "username": "admin", "time": "2017-04-10T00:00:55.727Z", "type": "admin logged out"}},
  {"model": "core.log", "pk": 12, "fields": {"user": 3, "username": "doctor1", "time": "2017-04-10T00:01:04.222Z", "type": "doctor1 logged in"}},
  {"model": "core.log", "pk": 13, "fields": {"user": 3, "username": "doctor1", "time": "2017-04-10T00:02:54.068Z", "type": "Prescription filled out"}},
  {"model": "core.log", "pk": 14, "fields": {"user": 3, "username": "doctor1", "time": "2017-04-10T00:02:56.203Z", "type": "doctor1 logged out"}},
  {"model": "core.log", "pk": 15, "fields": {"user": 1, "username": "admin", "time": "2017-04-10T00:03:03.351Z", "type": "admin logged in"}},
  {"model": "core.log", "pk": 16, "fields": {"user": 1, "username": "admin", "time": "2017-04-10T00:03:20.495Z", "type": "admin logged out"}},
  {"model": "core.log", "pk": 17, "fields": {"user": 3, "username": "doctor1", "time": "2017-04-15T21:08:53.927Z", "type": "doctor1 logged in"}},
  {"model": "core.log", "pk": 18, "fields": {"user": 3, "username": "doctor1", "time": "2017-04-15T21:11:19.384Z", "type": "doctor1 logged out"}},
  {"model": "core.log", "pk": 19, "fields": {"user": 6, "username": "admin1", "time": "2017-04-15T21:16:10.749Z", "type": "admin1 logged in"}},
  {"model": "core.log", "pk": 20, "fields": {"user": 6, "username": "Patient Patient", "time": "2017-04-15T21:16:17.086Z", "type": "Patient Patient was transferred to Hospital2"}},
  {"model": "core.log", "pk": 21, "fields": {"user": 6, "username": "Patient Patient", "time": "2017-04-15T21:17:00.737Z", "type": "Patient Patient was transferred to Hospital1"}},
  {"model": "core.log", "pk": 22, "fields": {"user": 6, "username": "admin1", "time": "2017-04-15T21:17:15.623Z", "type": "admin1 logged out"}},
  {"model": "core.log", "pk": 23, "fields": {"user": 3, "username": "doctor1", "time": "2017-04-15T21:19:44.556Z", "type": "doctor1 logged in"}},
  {"model": "core.log", "pk": 24, "fields": {"user": 3, "username": "doctor1", "time": "2017-04-15T21:20:18.501Z", "type": "doctor1 created Test Result"}},
  {"model": "core.log", "pk": 25, "fields": {"user": 3, "username": "doctor1", "time": "2017-04-15T21:20:20.922Z", "type": "doctor1 logged out"}},
  {"model": "core.log", "pk": 26, "fields": {"user": 6, "username": "admin1", "time": "2017-04-15T21:20:30.047Z", "type": "admin1 logged in"}},
  {"model": "core.log", "pk": 27, "fields": {"user": 6, "username": "admin1", "time": "2017-04-15T21:26:05.127Z", "type": "admin1 logged out"}},
  {"model": "core.log", "pk": 28, "fields": {"user": 3, "username": "doctor1", "time": "2017-04-15T21:26:24.448Z", "type": "doctor1 logged in"}},
  {"model": "core.log", "pk": 29, "fields": {"user": 1, "username": "admin", "time": "2017-05-08T15:21:50.632Z", "type": "admin logged in"}},
  {"model": "core.log", "pk": 30, "fields": {"user": 7, "username": "doctor2", "time": "2017-05-08T15:22:19.548Z", "type": "Doctor Registered"}},
  {"model": "core.log", "pk": 31, "fields": {"user": 1, "username": "admin", "time": "2017-05-08T15:22:21.920Z", "type": "admin logged out"}},
  {"model": "core.log", "pk": 32, "fields": {"user": 7, "username": "doctor2", "time": "2017-05-08T15:22:27.534Z", "type": "doctor2 logged in"}},
  {"model": "core.log", "pk": 33, "fields": {"user": 7, "username": "doctor2", "time": "2017-05-08T15:22:37.427Z", "type": "doctor2 logged out"}},
  {"model": "core.log", "pk": 34, "fields": {"user": 1, "username": "admin", "time": "2017-05-08T15:22:41.599Z", "type": "admin logged in"}},
  {"model": "core.log", "pk": 35, "fields": {"user": 8, "username": "nurse2", "time": "2017-05-08T15:23:13.803Z", "type": "Nurse Registered"}},
  {"model": "core.log", "pk": 36, "fields": {"user": 1, "username": "admin", "time": "2017-05-08T15:23:15.539Z", "type": "admin logged out"}},
  {"model": "core.log", "pk": 37, "fields": {"user": 8, "username": "nurse2", "time": "2017-05-08T15:23:19.939Z", "type": "nurse2 logged in"}},
  {"model": "core.log", "pk": 38, "fields": {"user": 8, "username": "nurse2", "time": "2017-05-08T15:23:23.772Z", "type": "nurse2 logged out"}},
  {"model": "core.log", "pk": 39, "fields": {"user": 7, "username": "doctor2", "time": "2017-05-08T15:23:27.913Z", "type": "doctor2 logged in"}},
  {"model": "core.log", "pk": 40, "fields": {"user": 7, "username": "doctor2", "time": "2017-05-08T15:23:35.523Z", "type": "User updated own info"}},
  {"model": "core.log", "pk": 41, "fields": {"user": 7, "username": "doctor2", "time": "2017-05-08T15:24:02.984Z", "type": "User updated own info"}},
  {"model": "core.patient", "pk": 1, "fields": {"user": 2, "birthday": "2017-04-02", "sex": "M", "blood_type": "O+", "height": "170", "weight": 170, "allergies": "None", "medical_history": "Nothing", "insurance_info": "None", "preferred_hospital": 1, "hospital": 1, "emergency_contact": "bill@gmail.com", "emergency_contact_user": 2, "admitted": false}},
  {"model": "core.admin", "pk": 1, "fields": {"user": 6}},
  {"model": "core.doctor", "pk": 1, "fields": {"user": 3, "hospital": 1, "phoneNum": "1231231231"}},
  {"model": "core.doctor", "pk": 2, "fields": {"user": 7, "hospital": 2, "phoneNum": "9876543210"}},
  {"model": "core.nurse", "pk": 1, "fields": {"user": 5, "hospital": 1, "phoneNum": "1231231"}},
  {"model": "core.nurse", "pk": 2, "fields": {"user": 8, "hospital": 2, "phoneNum": "1112223333"}}
]